id,category,fact,confidence,evidence,importance,verifiable,extraction_source
1,personal_demographics,"Born on September 15, 1963",1.0,"Dr. Marcus Chen was born on September 15, 1963",high,True,openai_gpt4
2,personal_demographics,Age is 60 years old,1.0,"Marcus was born on September 15, 1963",high,True,openai_gpt4
3,personal_demographics,"Birthplace is Berkeley, California",1.0,"born on September 15, 1963, in Berkeley, California",high,True,openai_gpt4
4,personal_demographics,Parents are Dr. Helen Chen and James Chen,1.0,"His parents, Dr. Helen Chen and James Chen",high,True,openai_gpt4
5,personal_demographics,"Younger sister is Linda Chen, born in 1966",1.0,"Marcus's younger sister, Linda, born in 1966",high,True,openai_gpt4
6,personal_demographics,Married to Dr. Elena Rodriguez,1.0,Marcus's personal life took a transformative turn in 1998 when he met Dr. Elena Rodriguez,high,True,openai_gpt4
7,personal_demographics,Has two children: David and Sarah,1.0,"Their first child, David, was born in 2000, followed by Sarah in 2003",high,True,openai_gpt4
8,personal_demographics,Cultural background includes Chinese-American heritage,1.0,"Dr. Helen Chen, a first-generation Chinese-American",high,True,openai_gpt4
9,personal_demographics,"Fluent in four languages: English, Mandarin, Spanish, and German",1.0,"His fluency in four languages—English, Mandarin, Spanish, and German",high,True,openai_gpt4
10,education,Attended Berkeley High School from 1977 to 1980.,1.0,His high school years at Berkeley High School were marked by academic dominance and increasingly sophisticated independent research projects.,high,True,openai_gpt4
11,education,Graduated as valedictorian from Berkeley High School.,1.0,"This recognition, combined with his perfect SAT scores and valedictorian status, opened doors to the nation's top universities.",high,True,openai_gpt4
12,education,Earned a double major in Physics and Applied Mathematics at MIT from 1980 to 1984.,1.0,"He declared a double major in Physics and Applied Mathematics, an ambitious combination that required careful course planning and exceptional time management skills.",high,True,openai_gpt4
13,education,Maintained a perfect GPA while at MIT.,1.0,"Marcus's academic performance was consistently outstanding, maintaining a perfect GPA while taking challenging course loads.",high,True,openai_gpt4
14,education,Worked on quantum entanglement properties under Dr. Sarah Whitman at MIT.,1.0,"Working under Dr. Whitman's guidance, Marcus dove into experimental investigations of quantum entanglement properties.",high,True,openai_gpt4
15,education,Published a paper on quantum decoherence mechanisms in Physical Review Letters during his senior year at MIT.,1.0,"The research culminated in a groundbreaking study of quantum decoherence mechanisms, with Marcus serving as second author on a paper published in Physical Review Letters during his senior year.",high,True,openai_gpt4
16,education,Completed a doctoral dissertation titled 'Quantum Error Correction in Multi-Qubit Systems' at Stanford University from 1984 to 1990.,1.0,"The breakthrough came during a late-night calculation session when Marcus realized that quantum error correction could be achieved by encoding logical quantum bits in entangled states of multiple physical quantum bits. This insight became the foundation of Marcus's doctoral dissertation, 'Quantum Error Correction in Multi-Qubit Systems.'",high,True,openai_gpt4
17,education,Graduated with highest honors from Stanford University.,1.0,The examination committee described the work as 'foundational' and 'likely to influence quantum information science for decades.' Marcus graduated with highest honors.,high,True,openai_gpt4
18,education,Served as a teaching assistant for undergraduate physics courses at Stanford.,1.0,"During his Stanford years, Marcus also developed his teaching abilities, serving as a teaching assistant for undergraduate physics courses.",medium,True,openai_gpt4
19,education,Authored the textbook 'Foundations of Quantum Information Theory'.,1.0,"His textbook, 'Foundations of Quantum Information Theory,' has become the standard graduate-level introduction to the field.",high,True,openai_gpt4
20,education,Mentored over 40 PhD students and postdocs in his research group at the University of Chicago.,1.0,"Over 40 PhD students and postdocs have completed research training in Marcus's group, and many now hold faculty positions at leading universities worldwide.",high,True,openai_gpt4
21,career_professional,Dr. Marcus Chen joined IBM's Thomas J. Watson Research Center in June 1990 as a research scientist.,1.0,"In June 1990, Marcus joined IBM's Thomas J. Watson Research Center in Yorktown Heights, New York, as a research scientist in the Physics Department.",high,True,openai_gpt4
22,career_professional,Marcus was a full professor at the University of Chicago starting in 2002.,1.0,"In 2002, Marcus accepted a full professorship at the University of Chicago.",high,True,openai_gpt4
23,career_professional,"Marcus's research areas include quantum information science, quantum computing, and quantum machine learning.",1.0,"His research has been supported by grants from the National Science Foundation, Department of Energy, and private foundations totaling over $15 million during his career.",high,True,openai_gpt4
24,career_professional,"He has authored over 150 peer-reviewed papers with total citations exceeding 12,000.",1.0,"He has authored over 150 peer-reviewed papers in leading physics journals, with total citations exceeding 12,000.",high,True,openai_gpt4
25,career_professional,Marcus holds 23 patents in quantum computing technologies.,1.0,"Marcus holds 23 patents in quantum computing technologies, reflecting his ability to translate theoretical insights into practical innovations.",high,True,openai_gpt4
26,career_professional,He received the prestigious Hertz Fellowship upon graduating from Stanford.,1.0,"Marcus graduated with highest honors and received the prestigious Hertz Fellowship, recognizing him as one of the most promising young physicists of his generation.",high,True,openai_gpt4
27,career_professional,Marcus's doctoral dissertation focused on quantum error correction.,1.0,The breakthrough came during a late-night calculation session when Marcus realized that quantum error correction could be achieved by encoding logical quantum bits in entangled states of multiple physical quantum bits.,high,True,openai_gpt4
28,career_professional,He has delivered invited lectures at over 100 universities and research institutions worldwide.,1.0,He has delivered invited lectures at over 100 universities and research institutions worldwide.,medium,True,openai_gpt4
29,career_professional,"Marcus's textbook, 'Foundations of Quantum Information Theory,' has become a standard graduate-level introduction to the field.",1.0,"His textbook, 'Foundations of Quantum Information Theory,' has become the standard graduate-level introduction to the field.",high,True,openai_gpt4
30,career_professional,"He has been involved in interdisciplinary research, including quantum effects in biological systems.",1.0,"Marcus's collaboration with Elena continued to influence his research direction, leading to investigations of quantum effects in biological systems and information processing principles in living organisms.",medium,True,openai_gpt4
31,career_professional,Marcus's research group at the University of Chicago is known for its focus on quantum error correction and quantum algorithms.,1.0,"The Marcus Chen Group, as it became known, quickly established itself as a leading quantum information research center.",high,True,openai_gpt4
32,personality_traits,Marcus approaches problems with characteristic thoroughness and intensity.,0.9,"Marcus approached the work with characteristic thoroughness, spending extra hours in the lab perfecting experimental procedures and often identifying sources of systematic error that more experienced researchers had overlooked.",high,True,openai_gpt4
33,personality_traits,He exhibits exceptional analytical ability and insatiable curiosity.,0.9,Marcus showed early signs of exceptional analytical ability and insatiable curiosity.,high,True,openai_gpt4
34,personality_traits,"Marcus maintains meticulous laboratory notebooks, demonstrating commitment to reproducible science.",0.85,"Throughout his IBM years, Marcus maintained meticulous laboratory notebooks that colleagues later described as 'works of art in precision.'",high,True,openai_gpt4
35,personality_traits,He has a systematic approach to learning and problem-solving.,0.9,"His approach to learning was notably systematic—he would read entire textbooks cover to cover, work through every practice problem, and often seek out additional resources to explore topics in greater depth.",high,True,openai_gpt4
36,personality_traits,Marcus is known for his ability to explain complex concepts clearly.,0.9,"Students consistently rated him as an exceptional instructor, praising his ability to explain complex concepts clearly and his genuine enthusiasm for helping others understand physics.",high,True,openai_gpt4
37,personality_traits,He encourages independent thinking while providing guidance.,0.85,"Marcus's mentoring style combined high expectations with strong support, encouraging independent thinking while providing guidance on research methodology and career development.",high,True,openai_gpt4
38,personality_traits,Marcus has a collaborative spirit and values scientific communication.,0.9,His experiences taught him valuable lessons about scientific communication and the importance of conveying complex ideas to diverse audiences.,high,True,openai_gpt4
39,personality_traits,He demonstrates a genuine intellectual curiosity.,0.9,His professors noted his genuine intellectual curiosity and ability to ask probing questions that often revealed deeper conceptual issues.,high,True,openai_gpt4
40,personality_traits,Marcus shows a tendency to engage deeply with scientific challenges.,0.85,Marcus's approach to quantum climate modeling combines his theoretical expertise in quantum algorithms with practical understanding of climate science principles.,high,True,openai_gpt4
41,personality_traits,He has a strong commitment to education and mentoring.,0.9,His mentoring philosophy emphasized developing independent research capabilities while maintaining collaborative relationships.,high,True,openai_gpt4
42,personality_traits,Marcus is perceived as overly direct or intellectually intimidating at times.,0.75,"Where Marcus had sometimes been perceived as overly direct or intellectually intimidating, Elena taught him diplomatic approaches that made his insights more accessible to colleagues and students.",medium,True,openai_gpt4
43,interests_hobbies,"Marcus plays piano daily, often spending an hour each morning working through Bach compositions.",1.0,"His personal interests have remained remarkably consistent throughout his life. He continues playing piano daily, often spending an hour each morning working through Bach compositions before beginning his research work.",high,True,openai_gpt4
44,interests_hobbies,Marcus maintains detailed observational logs of his amateur astronomy activities.,1.0,"He has established a small observatory at the family's weekend home in rural Wisconsin, where he conducts photometric studies of variable stars and mentors local students interested in astronomical research.",high,True,openai_gpt4
45,interests_hobbies,Marcus has a lifelong interest in astronomy.,1.0,"Following the eclipse, Marcus threw himself into astronomical observation with characteristic intensity.",high,True,openai_gpt4
46,interests_hobbies,Marcus discovered amateur radio during his early teenage years.,1.0,"During his early teenage years, Marcus discovered amateur radio, a hobby that would prove crucial in developing his communication skills and international perspective.",medium,True,openai_gpt4
47,interests_hobbies,Marcus served as president of the MIT Amateur Radio Club during his senior year.,1.0,"He served as president of the MIT Amateur Radio Club during his senior year, organizing communication support for several astronomical expeditions.",medium,True,openai_gpt4
48,relationships_social,Marcus married Dr. Elena Rodriguez in June 1999.,1.0,They married in June 1999 in a ceremony that reflected their shared commitment to scientific inquiry and international perspective.,high,True,openai_gpt4
49,relationships_social,"Marcus and Elena have two children, David and Sarah.",1.0,"Their first child, David, was born in 2000, followed by Sarah in 2003.",high,True,openai_gpt4
50,relationships_social,David Chen is pursuing computer science at MIT.,1.0,"David Chen inherited his parents' analytical abilities and passion for problem-solving, ultimately choosing to pursue computer science at MIT.",medium,True,openai_gpt4
51,relationships_social,Sarah Chen is pursuing medicine with interests in computational approaches to understanding neurological disorders.,1.0,"Sarah Chen chose a different path, inspired by her aunt Linda's medical career and her mother's biological research.",medium,True,openai_gpt4
52,relationships_social,Marcus's parenting style reflects his scientific methodology.,0.9,"Marcus's approach to fatherhood reflects his scientific methodology—careful observation, thoughtful analysis, and systematic support for his children's development.",medium,False,openai_gpt4
53,relationships_social,Marcus and Elena's marriage has expanded his research interests into interdisciplinary territory.,0.9,"Elena's work on protein folding introduced him to biological systems' remarkable information processing capabilities, leading to new insights about quantum effects in biological contexts.",medium,False,openai_gpt4
54,relationships_social,Marcus has mentored over 40 PhD students and postdocs.,1.0,Over 40 PhD students and postdocs have completed research training in Marcus's group.,high,True,openai_gpt4
55,relationships_social,Marcus's mentoring philosophy combines high expectations with strong support.,0.9,His mentoring philosophy—combining high expectations with strong support—has shaped how quantum information science education is conducted at research institutions globally.,medium,False,openai_gpt4
56,relationships_social,The Chen household hosts visiting researchers and international colleagues.,1.0,"The Chen household became known for hosting visiting researchers and international colleagues, exposing David and Sarah to diverse perspectives and cultures.",medium,True,openai_gpt4
57,values_beliefs,Marcus believes in the importance of education and scientific inquiry.,0.9,Her journey from refugee to tenured professor at one of America's most prestigious universities profoundly influenced her approach to raising Marcus and his sister.,high,True,openai_gpt4
58,values_beliefs,Marcus values collaboration in scientific endeavors.,0.9,"This environment fostered not only his intellectual development but also his understanding of science as a collaborative, international enterprise.",high,True,openai_gpt4
59,values_beliefs,Marcus prioritizes effective scientific communication.,0.85,These experiences reinforced Marcus's belief in the importance of effective scientific communication and influenced his later career as a professor and mentor.,high,True,openai_gpt4
60,values_beliefs,Marcus believes in the value of mentorship and supporting young researchers.,0.9,"Marcus's mentoring style combined high expectations with strong support, encouraging independent thinking while providing guidance on research methodology and career development.",high,True,openai_gpt4
61,values_beliefs,Marcus has a strong commitment to scientific rigor and reproducibility.,0.9,"Every experiment, calculation, and insight was documented with scientific rigor that exceeded even academic standards.",high,True,openai_gpt4
62,values_beliefs,Marcus values interdisciplinary collaboration in research.,0.85,"His current research group includes physicists, computer scientists, and climate researchers—a interdisciplinary team that reflects the complex nature of contemporary scientific challenges.",medium,True,openai_gpt4
63,values_beliefs,Marcus believes in the interconnectedness of science and society.,0.8,His approach to quantum climate modeling combines his theoretical expertise in quantum algorithms with practical understanding of climate science principles.,medium,True,openai_gpt4
64,values_beliefs,Marcus values the beauty of mathematics and its connection to music.,0.8,His belief in fundamental connections between mathematical beauty and musical harmony influences both his scientific thinking and his approach to explaining complex concepts to students and colleagues.,medium,True,openai_gpt4
65,values_beliefs,Marcus is motivated by a passion for scientific discovery.,0.9,"As Marcus approaches his seventh decade, his passion for scientific discovery remains as strong as ever.",high,True,openai_gpt4
66,values_beliefs,Marcus believes in the importance of asking probing questions.,0.85,Both children learned early to ask probing questions and think critically about complex problems.,medium,True,openai_gpt4
67,communication_style,Marcus's presentations are known for combining mathematical sophistication with clear explanations of practical implications.,0.9,"His presentations are known for combining mathematical sophistication with clear explanations of practical implications, making complex quantum information concepts accessible to diverse audiences.",high,True,openai_gpt4
68,communication_style,Marcus encourages independent thinking while maintaining high standards for scientific rigor.,0.85,His mentoring philosophy emphasized developing independent research capabilities while maintaining collaborative relationships.,high,True,openai_gpt4
69,communication_style,He is known for his ability to explain complex concepts clearly and his genuine enthusiasm for helping others understand physics.,0.9,"Students consistently rated him as an exceptional instructor, praising his ability to explain complex concepts clearly and his genuine enthusiasm for helping others understand physics.",high,True,openai_gpt4
70,communication_style,Marcus's approach to communication has evolved to include more diplomatic methods.,0.8,Elena taught him diplomatic approaches that made his insights more accessible to colleagues and students.,medium,True,openai_gpt4
71,communication_style,He maintains meticulous laboratory notebooks that colleagues describe as 'works of art in precision.',0.85,"His research reputation grew steadily during the 1990s, leading to invitations to speak at international conferences and consulting opportunities with government agencies. Marcus became known for presentations that combined mathematical sophistication with clear explanations of practical implications—a rare combination that made him an effective ambassador for quantum computing research.",medium,True,openai_gpt4
72,communication_style,"Marcus's family dinner conversations continue the tradition from his own childhood, with discussions ranging from current research challenges to philosophical implications of scientific discoveries.",0.9,"Family dinner conversations continue the tradition from Marcus's own childhood, with discussions ranging from current research challenges to philosophical implications of scientific discoveries.",high,True,openai_gpt4
73,communication_style,He has delivered invited lectures at over 100 universities and research institutions worldwide.,0.9,He has delivered invited lectures at over 100 universities and research institutions worldwide.,high,True,openai_gpt4
74,communication_style,Marcus's fluency in four languages has facilitated international collaborations.,0.85,"His fluency in four languages—English, Mandarin, Spanish, and German—has facilitated international collaborations and made him an effective ambassador for quantum information science.",medium,True,openai_gpt4
75,decision_making,Marcus approached his academic and research decisions with systematic planning and thorough analysis.,0.9,"His approach to learning was notably systematic—he would read entire textbooks cover to cover, work through every practice problem, and often seek out additional resources to explore topics in greater depth.",high,True,openai_gpt4
76,decision_making,Marcus demonstrated a high level of risk tolerance by pursuing ambitious research topics in quantum computing.,0.85,"The transition to graduate school presented new challenges. Unlike undergraduate coursework with clear objectives and well-defined problems, doctoral research required Marcus to identify important unsolved problems, develop original approaches, and navigate the uncertainties inherent in cutting-edge research.",high,True,openai_gpt4
77,decision_making,Marcus's decision to pursue a double major in Physics and Applied Mathematics at MIT required careful course planning and exceptional time management skills.,0.9,"He declared a double major in Physics and Applied Mathematics, an ambitious combination that required careful course planning and exceptional time management skills.",high,True,openai_gpt4
78,decision_making,"Marcus's decision-making process involved seeking out mentorship and collaboration, as seen in his choice to work with Dr. Sarah Whitman.",0.8,"His junior year marked a turning point in Marcus's academic development. Dr. Sarah Whitman, a newly arrived assistant professor specializing in quantum optics, was seeking undergraduate research assistants for her laboratory. Marcus's application stood out not only because of his academic record but also because of his demonstrated ability to think independently and his genuine passion for understanding fundamental physical principles.",medium,True,openai_gpt4
79,decision_making,Marcus's decision to transition from academic research to corporate R&D at IBM involved balancing fundamental scientific questions with practical applications.,0.85,"The transition from academic research to corporate R&D initially presented significant challenges. Unlike university research, where intellectual curiosity could drive investigation directions, corporate research required balancing fundamental scientific questions with practical applications and commercial viability.",high,True,openai_gpt4
80,decision_making,Marcus's choice to explore quantum error correction during his doctoral studies was a significant decision that shaped his career.,0.9,"The most significant breakthrough in Marcus's graduate career came during his third year, when he began investigating quantum error correction—the fundamental challenge of maintaining quantum information in the presence of environmental disturbances.",high,True,openai_gpt4
81,decision_making,"Marcus's approach to mentoring junior researchers involved high expectations combined with strong support, reflecting his decision-making style.",0.8,"Marcus's mentoring style combined high expectations with strong support, encouraging independent thinking while providing guidance on research methodology and career development.",medium,True,openai_gpt4
82,decision_making,Marcus's decision to establish a research initiative exploring quantum approaches to understanding consciousness reflects his willingness to venture into unexplored territory.,0.85,His recent launch of a research initiative exploring quantum approaches to understanding consciousness represents his most ambitious project—an attempt to apply quantum information principles to one of the most fundamental questions in science and philosophy.,high,True,openai_gpt4
83,current_status,Marcus Chen holds the distinguished Enrico Fermi Chair in Physics at the University of Chicago.,1.0,"He holds the distinguished Enrico Fermi Chair in Physics at the University of Chicago, one of the most prestigious positions in theoretical physics.",high,True,openai_gpt4
84,current_status,Marcus's current research focuses on quantum machine learning and climate modeling.,1.0,Marcus's most recent research focus represents a natural evolution of his career-long interests combined with growing concern about global environmental challenges. Quantum machine learning—the application of quantum computing principles to pattern recognition and data analysis problems—offers potential solutions to computational challenges that are beyond the reach of classical computers.,high,True,openai_gpt4
85,current_status,Marcus is leading a research initiative exploring quantum approaches to understanding consciousness.,1.0,His recent launch of a research initiative exploring quantum approaches to understanding consciousness represents his most ambitious project—an attempt to apply quantum information principles to one of the most fundamental questions in science and philosophy.,high,True,openai_gpt4
86,current_status,"Marcus's family includes his wife Dr. Elena Rodriguez and two children, David and Sarah.",1.0,"Marcus and Elena's family life has been marked by deep intellectual engagement and mutual support for scientific careers. Their first child, David, was born in 2000, followed by Sarah in 2003.",high,True,openai_gpt4
87,current_status,"David Chen is pursuing computer science at MIT, and Sarah Chen is pursuing medicine.",1.0,"David Chen inherited his parents' analytical abilities and passion for problem-solving, ultimately choosing to pursue computer science at MIT... Sarah Chen chose a different path, inspired by her aunt Linda's medical career and her mother's biological research. She is currently pursuing medicine.",medium,True,openai_gpt4
